Username,Identifier,First name,Last name,Postal code
booker12,9012,Rachel,Booker,H1B
grey07,2070,Laura,Grey,F2B
johnson81,4081,Craig,Johnson,H3Z
jenkins46,9346,Mary,Jenkins,H1B
smith79,5079,Jamie,Smith,H1B